team,elo_rating,form_score,goals_scored_avg,goals_conceded_avg,win_pct,total_matches,fifa_rank,fifa_points,avg_overall,avg_attack_overall,avg_defense_overall,avg_pace,avg_passing,avg_dribbling,team_strength_score
Aden,1443.756,0.0,0.75,6.25,0.0,4,100,1000.0,65.0,65.0,65.0,65.0,65.0,65.0,506.1268
Afghanistan,1250.731,5.0,0.939,2.006,0.227,163,155,1025.0,63.0,63.0,63.0,80.0,58.0,65.0,423.22429999999997
Albania,1630.742,6.0,0.958,1.475,0.2833,406,65,1375.57,74.5,74.75,74.4,71.0,63.25,69.66666666666667,595.3720999999999
Algeria,1792.404,10.0,1.546,1.012,0.458,679,37,1495.85,77.35714285714286,78.57142857142857,77.0,71.0,74.14285714285714,78.0,667.8626285714284
Andorra,1184.88,1.0,0.328,2.358,0.0611,229,171,971.54,66.0,66.0,66.0,65.0,65.0,65.0,387.98049999999995
Angola,1602.854,8.0,1.195,1.015,0.3676,457,85,1296.48,70.28571428571429,70.77777777777777,69.25,76.78571428571429,60.92857142857143,69.92857142857143,577.4273428571428
Anguilla,1121.716,9.0,0.644,3.5,0.1441,118,209,769.31,65.0,65.0,65.0,65.0,65.0,65.0,355.2763
Antigua and Barbuda,1251.883,2.0,1.399,1.73,0.3381,281,160,1010.97,63.333333333333336,65.0,63.333333333333336,81.0,56.5,61.5,419.3030666666667
Argentina,2039.657,15.0,1.897,1.022,0.5493,1105,1,1867.25,84.14285714285714,85.0,83.11111111111111,73.61538461538461,77.6923076923077,79.84615384615384,771.3651714285713
Armenia,1444.25,0.0,0.996,1.911,0.2357,280,100,1219.15,67.66666666666667,69.125,64.33333333333333,73.5,61.25,67.66666666666667,510.34383333333335
Aruba,1254.864,10.0,1.449,2.254,0.2537,205,195,858.0,68.0,68.0,68.0,86.0,61.0,71.0,406.8647
Australia,1808.278,6.0,2.03,1.095,0.5175,630,26,1544.15,72.85714285714286,71.75,72.83333333333333,71.07692307692308,62.92307692307692,67.6923076923077,675.2173285714285
Austria,1802.011,13.0,1.801,1.523,0.4294,864,22,1589.84,79.64285714285714,78.71428571428571,80.5,71.92857142857143,71.0,72.71428571428571,682.7728714285714
Azerbaijan,1426.51,4.0,0.817,1.683,0.205,322,117,1158.7,65.83333333333333,65.0,70.5,71.4,50.8,63.0,497.99466666666666
Bahamas,1126.94,0.0,1.011,3.258,0.191,89,205,818.58,65.0,65.0,65.0,65.0,65.0,65.0,350.947
Bahrain,1539.528,6.0,1.232,1.273,0.3546,626,81,1305.52,72.0,72.0,72.0,74.0,52.0,71.0,558.9773999999999
Bangladesh,1212.299,5.0,0.892,1.788,0.2615,325,185,898.81,65.0,65.0,65.0,65.0,65.0,65.0,394.6122
Barbados,1226.14,3.0,1.279,1.659,0.3062,369,177,933.3,54.0,54.0,54.0,58.0,52.0,48.0,400.0350000000001
Belarus,1519.092,8.0,1.12,1.445,0.299,301,98,1226.31,64.0,64.0,64.0,68.33333333333333,56.333333333333336,64.0,542.2126
Belgian Congo,1485.73,3.0,1.75,2.5,0.25,4,100,1000.0,65.0,65.0,65.0,65.0,65.0,65.0,525.469
Belgium,1842.695,11.0,1.825,1.551,0.4452,876,8,1740.62,82.64285714285714,83.83333333333333,82.0,69.4,78.2,78.3,702.2150714285715
Belize,1325.976,6.0,1.063,1.913,0.2441,127,178,925.02,63.0,63.0,63.0,63.0,59.0,64.0,433.2543
Benin,1526.038,9.0,0.936,1.654,0.2407,295,94,1250.99,67.5,67.75,66.57142857142857,64.8,56.5,62.0,547.5219
Bermuda,1357.892,0.0,1.571,1.773,0.3305,233,166,988.19,69.0,69.0,69.0,77.0,64.0,69.0,446.52509999999995
Bhutan,1013.759,3.0,0.593,3.619,0.1062,113,182,904.06,63.0,63.0,63.0,83.0,55.0,64.0,332.12070000000006
Bohemia,1477.968,4.0,2.143,3.429,0.1429,7,100,1000.0,65.0,65.0,65.0,65.0,65.0,65.0,522.5339
Bohemia and Moravia,1518.856,6.0,3.286,3.571,0.1429,7,100,1000.0,65.0,65.0,65.0,65.0,65.0,65.0,536.8003
Bolivia,1640.171,7.0,1.028,1.963,0.2276,536,79,1308.58,68.64285714285714,68.6,69.14285714285714,68.83333333333333,60.333333333333336,65.0,588.7938714285714
Bonaire,1248.047,3.0,1.137,2.48,0.2353,102,100,1000.0,65.0,65.0,65.0,65.0,65.0,65.0,453.9436
Bosnia-Herzegovina,1613.575,7.0,1.387,1.376,0.3692,279,74,1326.69,75.71428571428571,77.33333333333333,74.88888888888889,69.08333333333333,69.83333333333333,70.41666666666667,587.3533571428571
Botswana,1418.91,3.0,0.802,1.291,0.2627,354,136,1098.85,65.0,65.0,65.0,65.0,65.0,65.0,484.01349999999996
Brazil,1938.477,10.0,2.157,0.896,0.6307,1067,5,1775.85,86.14285714285714,85.83333333333333,86.375,81.58333333333333,74.41666666666667,79.66666666666667,735.2321714285714
British Guiana,1368.715,5.0,1.079,1.78,0.2622,164,100,1000.0,65.0,65.0,65.0,65.0,65.0,65.0,492.54749999999996
British Honduras,1507.283,4.0,1.5,1.0,0.5,2,100,1000.0,65.0,65.0,65.0,65.0,65.0,65.0,536.6849
British India,1495.156,6.0,2.714,2.857,0.2857,7,100,1000.0,65.0,65.0,65.0,65.0,65.0,65.0,531.8322999999999
British Virgin Islands,1107.305,10.0,0.92,2.891,0.1667,138,207,780.3,65.0,65.0,65.0,65.0,65.0,65.0,353.492
Brunei,1035.658,3.0,0.788,3.212,0.1788,151,100,1000.0,65.0,65.0,65.0,65.0,65.0,65.0,389.3794
Bulgaria,1525.167,9.0,1.381,1.485,0.3632,771,82,1301.04,67.85714285714286,68.14285714285714,67.375,68.57142857142857,60.0,64.0,556.3695285714285
Burkina Faso,1628.013,7.0,1.217,1.193,0.3679,405,66,1373.76,70.5,71.2,70.85714285714286,75.46153846153847,60.07692307692308,68.0,595.4224
Burma,1435.583,5.0,1.916,1.453,0.4708,274,100,1000.0,65.0,65.0,65.0,65.0,65.0,65.0,515.7369000000001
Burundi,1402.449,6.0,1.13,1.351,0.3054,239,139,1087.26,68.5,68.5,68.5,69.0,58.5,65.5,481.61570000000006
Cambodia,1159.548,1.0,1.084,2.762,0.1967,239,180,921.2,63.0,63.0,63.0,69.0,46.0,63.0,376.4149
Cameroon,1675.077,9.0,1.442,1.079,0.436,656,49,1471.49,77.07142857142857,76.28571428571429,77.85714285714286,70.15384615384616,64.07692307692308,71.15384615384616,624.0773857142857
Canada,1808.404,9.0,1.286,1.259,0.39,482,31,1515.96,73.92857142857143,75.33333333333333,73.54545454545455,73.0,65.58333333333333,69.91666666666667,673.5569142857144
Cape Verde Islands,1624.579,6.0,1.078,1.118,0.3714,245,76,1319.0,72.07142857142857,72.14285714285714,70.33333333333333,75.0,62.857142857142854,70.0,587.7589857142857
Cayman Islands,1220.311,7.0,0.969,2.395,0.2093,129,194,866.71,65.0,65.0,65.0,65.0,65.0,65.0,392.83279999999996
Central African Republic,1373.092,6.0,1.087,1.994,0.2188,160,135,1102.23,65.75,65.33333333333333,68.25,70.5,53.5,63.666666666666664,473.3596
Ceylon,1301.283,0.0,1.154,4.308,0.0769,26,100,1000.0,65.0,65.0,65.0,65.0,65.0,65.0,464.53839999999997
Chad,1272.882,1.0,0.884,1.867,0.1878,181,176,935.41,68.0,68.0,68.0,73.0,47.0,65.0,413.6816
Chagos Islands,1487.286,0.0,1.0,6.0,0.0,1,100,1000.0,65.0,65.0,65.0,65.0,65.0,65.0,519.1858
Chile,1718.495,12.0,1.404,1.427,0.3732,852,50,1469.44,74.78571428571429,74.75,74.54545454545455,70.0909090909091,66.0,68.72727272727273,638.1036428571429
China,1554.403,7.0,1.864,1.106,0.4859,743,90,1266.38,71.07142857142857,71.5,70.66666666666667,79.25,63.75,68.5,560.8236857142856
Colombia,1920.392,9.0,1.301,1.149,0.408,652,12,1694.44,78.42857142857143,79.0,77.875,77.0,68.84615384615384,75.23076923076923,719.7233142857143
Comm of Indep States,1549.261,4.0,1.2,1.1,0.3,10,100,1000.0,65.0,65.0,65.0,65.0,65.0,65.0,546.2783
Comoros,1468.908,3.0,0.911,1.563,0.2532,158,103,1208.99,66.25,67.28571428571429,64.71428571428571,76.36363636363636,60.09090909090909,67.36363636363636,518.9204
Congo,1379.408,1.0,1.422,1.405,0.3615,462,128,1132.65,65.28571428571429,64.125,65.8,72.42857142857143,56.0,64.07142857142857,476.50204285714284
Congo-Leopoldville,1502.797,6.0,1.444,0.889,0.3333,9,100,1000.0,65.0,65.0,65.0,65.0,65.0,65.0,534.8385999999999
Cook Islands,1294.459,3.0,0.893,4.929,0.2321,56,190,877.53,65.0,65.0,65.0,65.0,65.0,65.0,413.81919999999997
Costa Rica,1695.162,2.0,1.734,1.162,0.4517,786,54,1454.99,70.07142857142857,68.0,73.33333333333333,69.46153846153847,56.30769230769231,64.0,618.9383857142857
Croatia,1876.509,12.0,1.744,1.008,0.5251,398,13,1691.59,80.57142857142857,79.5,80.33333333333333,69.38461538461539,76.38461538461539,78.6923076923077,711.1434857142857
Cuba,1422.175,8.0,1.371,1.401,0.3772,501,164,994.43,67.5,67.5,67.0,66.0,62.666666666666664,68.66666666666667,475.4105
Curaçao,1537.008,4.0,2.06,1.34,0.4776,268,91,1264.78,65.0,65.0,65.0,65.0,65.0,65.0,550.6664
Cyprus,1394.758,6.0,0.9,2.175,0.1963,428,130,1131.32,66.57142857142857,66.4,66.66666666666667,66.91666666666667,56.5,62.833333333333336,482.68618571428567
Czech Republic,1735.43,11.0,1.777,1.022,0.5292,359,42,1484.88,77.21428571428571,78.0,76.77777777777777,72.72727272727273,71.36363636363636,75.27272727272727,649.8098571428573
Czechoslovakia,1700.099,11.0,1.868,1.334,0.4597,509,19,49.0,65.0,65.0,65.0,65.0,65.0,65.0,649.5251999999999
DR Congo,1685.796,10.0,1.52,1.154,0.4171,350,100,1000.0,74.0,74.71428571428571,73.55555555555556,78.21428571428571,66.42857142857143,73.14285714285714,596.7952999999999
Dahomey,1481.021,7.0,1.667,2.176,0.3333,51,100,1000.0,65.0,65.0,65.0,65.0,65.0,65.0,529.3058
Denmark,1826.816,8.0,1.836,1.347,0.4651,903,21,1611.49,79.5,77.0,80.18181818181819,67.41666666666667,71.83333333333333,72.83333333333333,686.3213
Djibouti,1167.754,3.0,0.664,3.398,0.0973,113,191,877.37,65.0,65.0,65.0,65.0,65.0,65.0,373.18569999999994
Dominica,1243.549,1.0,1.174,1.996,0.2438,242,183,900.0,65.0,65.0,65.0,65.0,65.0,65.0,400.92169999999993
Dominican Republic,1476.687,6.0,1.588,1.61,0.3636,187,141,1083.36,61.0,68.0,58.6,66.75,52.75,59.0,502.0600999999999
Dutch East Indies,1473.251,3.0,2.167,3.667,0.3333,6,100,1000.0,65.0,65.0,65.0,65.0,65.0,65.0,522.9748
East Germany,1686.752,13.0,1.691,1.222,0.4688,320,100,1000.0,65.0,65.0,65.0,65.0,65.0,65.0,599.0576
East Timor,1018.589,3.0,0.892,3.204,0.1183,93,100,1000.0,65.0,65.0,65.0,72.0,65.0,66.0,383.3512
Eastern Samoa,1147.856,3.0,0.61,6.525,0.0847,59,100,1000.0,65.0,65.0,65.0,65.0,65.0,65.0,421.6273
Ecuador,1880.962,9.0,1.204,1.509,0.3072,599,24,1560.13,75.42857142857143,75.66666666666667,75.36363636363636,75.2,68.7,73.2,698.5823142857142
Egypt,1761.338,8.0,1.721,1.019,0.512,836,33,1513.48,70.84615384615384,69.11111111111111,74.75,67.61538461538461,62.69230769230769,69.15384615384616,658.4506307692308
El Salvador,1496.265,4.0,1.259,1.49,0.3309,680,83,1300.81,64.0,67.0,63.0,62.0,53.0,61.333333333333336,540.843
England,1933.706,10.0,2.326,0.967,0.5854,1153,4,1813.81,85.28571428571429,85.625,84.71428571428571,77.0,80.07692307692308,81.61538461538461,733.5499428571427
Equatorial Guinea,1534.972,4.0,0.938,1.446,0.2974,195,93,1256.2,69.42857142857143,69.42857142857143,69.0,70.33333333333333,61.833333333333336,66.5,547.0383142857143
Eritrea,1336.405,9.0,0.709,1.593,0.1977,86,195,855.56,67.0,67.0,67.0,47.0,64.0,65.0,429.287
Estonia,1416.995,5.0,0.985,1.781,0.2449,539,123,1142.53,62.42857142857143,58.0,63.8,64.66666666666667,54.833333333333336,57.666666666666664,492.4577142857142
Eswatini,1308.663,1.0,0.769,1.423,0.1538,78,159,1015.25,63.0,63.0,63.0,71.0,62.0,69.0,433.1059000000001
Ethiopia,1439.095,9.0,1.378,1.476,0.3543,460,146,1059.94,66.0,66.0,66.0,72.0,65.0,65.0,491.643
FS Micronesia,1442.758,3.0,1.167,9.167,0.1667,6,100,1000.0,65.0,65.0,65.0,65.0,65.0,65.0,511.3279
Falkland Islands,1482.407,0.0,0.0,8.0,0.0,1,100,1000.0,65.0,65.0,65.0,65.0,65.0,65.0,517.7221
Faroe Islands,1403.815,12.0,0.754,2.278,0.1779,281,137,1096.88,57.333333333333336,57.333333333333336,59.0,64.66666666666667,51.0,58.0,485.07966666666664
Fiji,1478.402,1.0,2.227,1.601,0.4388,278,147,1049.15,68.0,68.0,68.0,88.0,64.0,70.0,496.50260000000003
Finland,1568.477,7.0,1.178,2.059,0.2633,824,69,1361.53,72.5,72.0,72.71428571428571,66.33333333333333,65.91666666666667,70.66666666666667,574.5926
France,1993.681,13.0,1.807,1.368,0.5037,935,2,1859.78,86.14285714285714,87.5,85.33333333333333,84.92307692307692,77.0,83.23076923076923,754.6883714285714
French Congo,1509.545,3.0,5.0,1.0,1.0,1,100,1000.0,65.0,65.0,65.0,65.0,65.0,65.0,543.8634999999999
French Dahomey,1484.568,0.0,0.0,5.0,0.0,1,100,1000.0,65.0,65.0,65.0,65.0,65.0,65.0,518.3704
French Guiana,1417.683,2.0,1.484,1.707,0.3032,188,100,1000.0,65.0,65.0,65.0,65.0,65.0,65.0,504.8529
French Somaliland,1433.731,0.0,0.857,5.143,0.0,7,100,1000.0,65.0,65.0,65.0,65.0,65.0,65.0,503.1193
French Sudan,1476.203,0.0,0.5,3.0,0.0,2,100,1000.0,65.0,65.0,65.0,65.0,65.0,65.0,515.8608999999999
French Togoland,1527.26,11.0,2.8,1.4,0.6,5,100,1000.0,65.0,65.0,65.0,65.0,65.0,65.0,551.178
Gabon,1533.454,1.0,1.186,1.217,0.3451,452,84,1297.87,68.92857142857143,69.0,68.22222222222223,72.07142857142857,60.92857142857143,66.92857142857143,549.5984142857143
Gambia,1499.257,4.0,1.076,1.424,0.2778,288,124,1137.22,69.85714285714286,70.25,69.0,78.42857142857143,60.785714285714285,68.57142857142857,517.5155285714286
Georgia,1632.535,4.0,1.289,1.387,0.3333,315,68,1362.21,73.0,73.25,72.66666666666667,69.76923076923077,62.92307692307692,67.53846153846153,592.5600000000001
Germany,1915.512,15.0,2.346,1.269,0.5689,668,10,1703.79,85.57142857142857,84.6,86.11111111111111,71.45454545454545,80.54545454545455,80.81818181818181,729.3013857142857
Ghana,1577.75,0.0,1.593,1.039,0.4766,747,77,1320.52,77.14285714285714,76.5,77.625,78.28571428571429,65.78571428571429,72.78571428571429,569.7025714285714
Gibraltar,1176.724,0.0,0.534,2.957,0.1379,116,197,848.58,58.0,58.0,58.0,65.0,46.5,54.5,368.48569999999995
Gold Coast,1526.648,8.0,1.667,1.333,0.5833,12,100,1000.0,65.0,65.0,65.0,65.0,65.0,65.0,547.7439
Greece,1730.159,5.0,1.272,1.371,0.3832,655,39,1489.88,75.64285714285714,75.5,75.75,74.0,66.08333333333333,71.25,641.5242714285714
Greenland,1325.186,0.0,1.0,2.667,0.1111,18,100,1000.0,65.0,65.0,65.0,65.0,65.0,65.0,472.22229999999996
Grenada,1345.046,3.0,1.592,1.793,0.3388,304,174,955.44,65.0,64.0,64.83333333333333,68.0,57.125,62.625,440.1958
Guadeloupe,1511.105,6.0,1.741,1.403,0.4414,290,100,1000.0,65.0,65.0,65.0,65.0,65.0,65.0,538.9525
Guam,1152.601,9.0,1.234,4.531,0.2266,128,203,821.91,63.0,63.0,63.0,60.0,61.0,60.0,368.9793
Guatemala,1602.732,6.0,1.404,1.354,0.3606,624,105,1201.35,64.2,63.666666666666664,65.0,68.2,55.0,60.2,562.0686000000001
Guinea,1533.683,6.0,1.413,1.231,0.3746,598,78,1311.88,72.85714285714286,73.0,72.8,67.64285714285714,63.285714285714285,69.14285714285714,559.4953285714286
Guinea-Bissau,1399.291,4.0,0.966,1.463,0.266,203,120,1151.72,65.0,65.0,65.0,65.0,65.0,65.0,488.77729999999997
Guyana,1467.147,15.0,1.414,1.695,0.3439,285,154,1030.6,61.6,59.0,63.333333333333336,73.4,55.4,61.4,500.2226
Haiti,1615.976,7.0,1.697,1.355,0.4373,558,86,1287.75,66.0,64.0,66.33333333333333,77.0,59.5,65.83333333333333,579.9523
Honduras,1641.474,6.0,1.445,1.283,0.3943,667,75,1325.93,67.91666666666667,71.75,65.71428571428571,71.58333333333333,60.166666666666664,65.16666666666667,592.9400333333333
Hong Kong,1352.75,5.0,1.583,1.682,0.3528,513,146,1062.39,62.25,59.5,63.666666666666664,64.25,41.5,50.5,460.9669999999999
Hungary,1730.59,8.0,2.014,1.476,0.472,1036,30,1517.57,75.85714285714286,75.33333333333333,76.25,70.58333333333333,65.33333333333333,69.08333333333333,651.4284285714285
Iceland,1574.494,2.0,1.207,1.677,0.3042,526,70,1355.1,71.92857142857143,71.55555555555556,72.6,70.3076923076923,66.38461538461539,69.76923076923077,571.2969142857141
India,1360.688,6.0,1.369,1.614,0.3622,588,127,1133.62,62.285714285714285,62.8,62.0,72.5,51.166666666666664,57.25,475.8965428571429
Indonesia,1484.533,4.0,1.669,1.613,0.3797,777,125,1135.11,60.666666666666664,60.666666666666664,62.0,67.0,50.666666666666664,54.0,512.1887333333333
Iran,1807.726,8.0,1.9,0.783,0.5693,678,18,1635.31,70.85714285714286,72.5,68.85714285714286,72.07142857142857,64.0,68.92857142857143,682.2287285714286
Iraq,1708.126,9.0,1.582,0.927,0.4735,754,56,1442.86,63.38461538461539,63.5,66.0,66.53846153846153,55.0,60.84615384615385,627.617223076923
Ireland,1688.732,11.0,1.319,1.563,0.3532,739,60,1400.22,73.64285714285714,74.5,73.61538461538461,63.0,62.3,65.0,621.6461714285714
Israel,1607.988,5.0,1.536,1.462,0.3755,522,76,1322.25,70.5,72.0,68.5,71.76923076923077,62.15384615384615,68.07692307692308,581.5289
Italy,1865.681,10.0,1.753,0.991,0.5322,902,9,1731.51,84.35714285714286,84.25,84.22222222222223,75.5,73.0,77.33333333333333,709.1587285714286
Ivory Coast,1736.805,12.0,1.625,0.988,0.5089,672,100,1000.0,78.5,77.8,78.0,76.92857142857143,69.5,75.71428571428571,616.3750000000001
Jamaica,1640.174,9.0,1.329,1.308,0.3886,718,62,1390.85,73.85714285714286,72.81818181818181,76.0,77.92307692307692,64.07692307692308,72.0,604.4526285714286
Japan,1911.993,15.0,1.812,1.174,0.491,829,15,1652.79,78.0,78.33333333333333,77.5,78.07692307692308,72.3076923076923,77.84615384615384,722.5629
Jordan,1707.381,5.0,1.245,1.204,0.3542,559,64,1375.91,71.0,71.0,71.0,82.0,63.0,78.0,618.3273
Kazakhstan,1478.65,8.0,1.041,1.668,0.2575,268,110,1180.18,67.5,67.5,67.5,76.5,65.0,68.5,522.9575
Kenya,1492.335,4.0,1.375,1.364,0.3767,730,108,1189.65,64.55555555555556,62.75,65.71428571428571,71.55555555555556,53.666666666666664,59.77777777777778,525.4621111111111
Khmer Republic,1442.689,6.0,1.304,1.942,0.3043,69,100,1000.0,65.0,65.0,65.0,65.0,65.0,65.0,516.3712
Kiribati,1372.553,0.0,0.636,11.455,0.0,11,100,1000.0,65.0,65.0,65.0,65.0,65.0,65.0,484.76590000000004
Korea,1508.62,3.0,5.0,0.0,1.0,1,100,1000.0,65.0,65.0,65.0,65.0,65.0,65.0,543.586
Kosovo,1666.528,7.0,1.417,1.361,0.3889,108,99,1219.82,73.92857142857143,73.0,74.16666666666667,71.38461538461539,67.3076923076923,72.61538461538461,588.1776142857143
Kurdistan,1503.776,4.0,2.0,1.0,0.5,2,100,1000.0,65.0,65.0,65.0,65.0,65.0,65.0,535.6328000000001
Kuwait,1510.633,5.0,1.548,1.147,0.415,735,134,1109.16,66.0,66.0,66.0,60.0,53.5,51.5,517.2149000000001
Kyrgyz Republic,1444.834,1.0,1.095,1.774,0.2895,190,107,1194.19,65.0,65.0,65.0,77.0,56.0,66.0,507.5927
Laos,1099.934,6.0,1.004,3.145,0.1838,234,186,889.54,65.0,65.0,65.0,65.0,65.0,65.0,360.13719999999995
Latvia,1381.327,7.0,1.164,1.644,0.2795,458,140,1084.11,62.166666666666664,65.0,61.8,62.4,55.6,61.2,474.02393333333333
Lebanon,1477.775,10.0,1.199,1.492,0.2879,396,112,1168.1,62.0,62.0,62.0,67.0,50.0,58.0,522.851
Lesotho,1359.111,8.0,0.787,1.609,0.2012,338,150,1046.76,65.0,65.0,65.0,65.0,65.0,65.0,461.7513
Liberia,1404.747,5.0,0.927,1.52,0.2598,331,145,1063.04,65.16666666666667,61.0,67.0,66.33333333333333,59.166666666666664,61.833333333333336,476.35443333333336
Libya,1526.423,7.0,1.352,1.314,0.3632,446,118,1158.03,72.5,70.0,73.33333333333333,72.0,64.75,69.5,534.0749
Liechtenstein,1108.513,3.0,0.405,2.809,0.0739,257,204,821.71,69.0,69.0,69.0,70.0,69.0,70.0,348.06239999999997
Lithuania,1352.638,4.0,0.978,1.82,0.2524,416,142,1069.96,62.4,62.4,62.4,65.6,55.4,56.0,460.8574
Luxembourg,1469.303,6.0,0.652,2.592,0.1132,468,92,1256.42,67.0,66.75,66.9,69.08333333333333,59.833333333333336,62.833333333333336,526.6889
Macao,1016.875,0.0,0.848,3.018,0.1455,165,100,1000.0,65.0,65.0,65.0,65.0,65.0,65.0,380.245
Macedonia,1597.973,2.0,1.193,1.348,0.3115,305,67,1368.96,71.64285714285714,72.0,71.11111111111111,69.6923076923077,62.53846153846154,68.84615384615384,580.1929714285715
Madagascar,1482.329,10.0,1.389,1.489,0.3807,352,115,1162.02,68.5,65.5,68.25,71.5,62.166666666666664,68.33333333333333,525.1092
Malawi,1370.598,4.0,1.161,1.248,0.3318,660,131,1129.31,59.5,55.0,59.5,73.5,48.5,54.0,473.4563999999999
Malaya,1505.958,4.0,2.342,1.934,0.4342,76,100,1000.0,65.0,65.0,65.0,65.0,65.0,65.0,535.3004
Malaysia,1508.556,12.0,1.557,1.425,0.3815,844,132,1117.05,59.0,59.0,59.0,70.5,54.0,66.5,522.8893
Maldives,1144.957,3.0,1.214,2.218,0.2815,238,162,1001.39,65.0,65.0,65.0,65.0,65.0,65.0,386.50960000000003
Mali,1651.896,4.0,1.321,1.116,0.4053,602,51,1466.1,76.21428571428571,74.75,76.72727272727273,75.78571428571429,68.28571428571429,75.21428571428571,610.2911571428572
Mali Federation,1521.519,9.0,2.5,2.0,0.75,4,100,1000.0,65.0,65.0,65.0,65.0,65.0,65.0,549.7057
Malta,1341.164,3.0,0.642,2.242,0.1407,455,169,983.95,67.6,71.5,67.6,67.4,59.8,62.0,439.5797
Marshall Islands,1464.477,0.0,1.0,3.5,0.0,2,100,1000.0,65.0,65.0,65.0,65.0,65.0,65.0,512.3431
Martinique,1482.905,2.0,1.833,1.308,0.4528,360,100,1000.0,65.0,65.0,65.0,65.0,65.0,65.0,526.6635
Mauritania,1448.922,1.0,0.72,1.764,0.1824,296,109,1183.16,65.33333333333333,64.0,66.0,71.5,52.0,62.0,506.0792666666667
Mauritius,1274.567,3.0,1.24,1.59,0.2746,346,179,923.46,65.0,65.0,65.0,65.0,53.0,57.0,415.08910000000003
Mayotte,1432.297,5.0,1.125,1.475,0.3,40,100,1000.0,65.0,65.0,65.0,65.0,65.0,65.0,512.1891
Mexico,1864.006,11.0,1.773,1.026,0.5175,1026,19,1627.4,78.78571428571429,78.55555555555556,79.2,75.61538461538461,71.46153846153847,77.38461538461539,702.321442857143
Moldova,1351.448,1.0,0.809,1.739,0.1973,299,151,1045.59,65.0,65.4,63.2,62.1,53.2,58.7,451.7939
Monaco,1478.189,1.0,1.0,4.333,0.0,3,100,1000.0,65.0,65.0,65.0,65.0,65.0,65.0,517.4567
Mongolia,1112.191,3.0,1.0,2.796,0.2143,98,187,883.57,65.0,65.0,65.0,65.0,65.0,65.0,360.6718
Montenegro,1524.674,9.0,1.18,1.341,0.3413,167,73,1326.76,71.5,70.66666666666667,72.125,70.0,58.61538461538461,64.76923076923077,562.0217
Montserrat,1299.231,3.0,1.027,3.173,0.24,75,181,914.26,63.0,63.0,63.0,62.5,51.0,53.0,420.3693
Morocco,1873.024,8.0,1.512,0.842,0.4972,726,14,1688.18,79.28571428571429,79.0,80.71428571428571,70.84615384615384,72.0,75.38461538461539,704.8223428571429
Mozambique,1490.169,3.0,1.012,1.304,0.306,415,96,1232.7,73.66666666666667,68.0,76.5,83.66666666666667,60.333333333333336,74.66666666666667,531.7740333333334
Myanmar,1262.64,7.0,1.293,2.023,0.3194,263,167,986.15,65.0,65.0,65.0,65.0,65.0,65.0,423.38300000000004
Namibia,1444.756,1.0,0.984,1.386,0.2582,306,111,1179.26,64.0,64.0,64.0,74.0,62.0,66.0,504.49980000000005
Nepal,1164.821,1.0,0.839,2.265,0.2282,298,175,939.2,58.0,58.0,58.0,65.0,65.0,65.0,380.4693
Netherlands,1911.975,11.0,2.093,1.268,0.5151,897,7,1747.55,83.21428571428571,82.14285714285714,83.77777777777777,78.92307692307692,73.46153846153847,77.76923076923077,724.761857142857
Netherlands Antilles,1333.5,2.0,1.398,1.796,0.3102,216,150,107.0,65.0,65.0,65.0,65.0,65.0,65.0,449.70300000000003
New Caledonia,1557.434,7.0,2.646,1.38,0.5133,263,152,1034.43,71.0,71.0,71.0,43.0,59.0,54.0,524.9297
New Hebrides,1387.898,3.0,1.703,2.919,0.2162,37,100,1000.0,65.0,65.0,65.0,65.0,65.0,65.0,495.6124
New Zealand,1677.913,4.0,1.747,1.469,0.4123,439,105,1193.98,68.0,68.625,67.55555555555556,67.75,64.33333333333333,67.5,584.1584
Nicaragua,1483.491,4.0,1.024,2.448,0.2143,252,133,1114.28,56.0,56.0,56.0,70.0,50.0,59.0,503.66179999999997
Niger,1458.974,5.0,0.986,1.739,0.2218,284,122,1145.96,55.0,55.0,55.0,65.0,65.0,65.0,503.81919999999997
Nigeria,1758.751,11.0,1.502,1.014,0.4613,711,44,1482.23,78.0,78.6,76.66666666666667,79.5,64.5,74.21428571428571,654.7447999999999
Niue,1475.645,0.0,0.0,16.5,0.0,2,100,1000.0,65.0,65.0,65.0,65.0,65.0,65.0,515.6935
North Korea,1503.27,2.0,1.558,1.064,0.4228,421,114,1164.41,63.0,63.0,63.0,57.0,49.0,57.0,523.523
North Vietnam,1459.034,7.0,1.96,2.28,0.28,25,100,1000.0,65.0,65.0,65.0,65.0,65.0,65.0,521.9102
North Yemen,1297.819,0.0,0.514,4.324,0.0541,37,100,1000.0,65.0,65.0,65.0,65.0,65.0,65.0,463.1572
Northern Cyprus,1511.01,10.0,1.154,1.538,0.4615,13,100,1000.0,65.0,65.0,65.0,65.0,65.0,65.0,543.2255
Northern Ireland,1581.981,4.0,1.044,1.511,0.2799,611,71,1349.58,70.92857142857143,69.0,71.0909090909091,58.23076923076923,63.84615384615385,66.0,574.3785142857142
Northern Mariana Islands,1113.013,4.0,1.194,4.25,0.1389,36,100,1000.0,65.0,65.0,65.0,65.0,65.0,65.0,412.9874
Northern Rhodesia,1518.504,9.0,2.1,1.25,0.55,20,100,1000.0,65.0,65.0,65.0,65.0,65.0,65.0,545.8011999999999
Norway,1819.655,10.0,1.548,1.629,0.3763,885,43,1484.44,77.78571428571429,81.4,75.875,76.14285714285714,70.28571428571429,74.92857142857143,671.2981428571428
Nyasaland,1452.28,0.0,0.6,6.6,0.0,5,100,1000.0,65.0,65.0,65.0,65.0,65.0,65.0,508.68399999999997
Oman,1605.158,5.0,1.284,1.32,0.3776,588,80,1306.67,72.0,72.0,72.0,65.0,65.0,65.0,578.6113999999999
Pakistan,1112.754,2.0,0.921,2.227,0.2194,278,198,842.59,63.0,63.0,63.0,82.0,57.0,64.0,352.9172
Palau,1463.6,0.0,1.5,13.5,0.0,2,100,1000.0,65.0,65.0,65.0,65.0,65.0,65.0,512.0799999999999
Palestine,1548.641,6.0,1.268,1.56,0.2817,284,101,1215.87,68.5,73.0,64.0,66.5,51.0,55.5,547.9178
Panama,1749.616,5.0,1.25,1.534,0.3333,597,36,1504.39,67.92857142857143,67.625,68.57142857142857,69.64285714285714,57.0,64.0,646.8700142857142
Papua New Guinea,1501.093,13.0,2.147,2.123,0.3313,163,172,963.22,64.0,64.0,64.0,84.0,56.0,66.0,497.8974
Paraguay,1786.977,6.0,1.271,1.413,0.3511,789,53,1458.26,75.57142857142857,76.5,74.4,75.5,67.14285714285714,72.92857142857143,650.6738857142858
Peru,1701.839,5.0,1.214,1.395,0.3235,711,40,1488.42,73.92857142857143,74.0,74.0,68.58333333333333,66.5,71.41666666666667,631.1899142857143
Philippines,1375.969,11.0,1.07,2.562,0.2487,386,149,1047.73,66.4,67.5,65.5,80.0,59.0,66.5,471.4012
Poland,1733.48,7.0,1.697,1.347,0.4346,918,35,1510.62,79.42857142857143,80.57142857142857,78.33333333333333,79.75,74.625,79.25,648.4487142857142
Portugal,1926.686,8.0,1.761,1.122,0.4986,694,6,1756.12,84.71428571428571,85.0,84.0,76.25,78.5,81.91666666666667,726.8276571428571
Portuguese Guinea,1498.736,9.0,2.0,2.2,0.6,5,100,1000.0,65.0,65.0,65.0,65.0,65.0,65.0,540.6208
Puerto Rico,1394.112,9.0,1.137,2.487,0.2284,197,157,1022.83,59.5,59.5,65.0,71.5,52.5,58.5,468.3596
Qatar,1599.259,1.0,1.427,1.173,0.4135,682,48,1474.6,69.07142857142857,71.25,68.2,70.92307692307692,62.61538461538461,65.53846153846153,591.9944857142857
Reunion,1556.475,6.0,1.706,1.838,0.4044,136,100,1000.0,65.0,65.0,65.0,65.0,65.0,65.0,552.0084999999999
Rhodesia,1506.519,5.0,1.643,1.571,0.2857,14,100,1000.0,65.0,65.0,65.0,65.0,65.0,65.0,534.2411999999999
Romania,1634.865,6.0,1.627,1.265,0.4439,793,38,1494.2,73.0,72.88888888888889,73.2,75.36363636363636,71.45454545454545,74.27272727272727,614.918
Ruanda-Urundi,1492.632,0.0,1.0,9.0,0.0,1,100,1000.0,65.0,65.0,65.0,65.0,65.0,65.0,520.7896000000001
Russia,1776.038,5.0,1.744,1.079,0.4831,356,34,1512.32,72.07142857142857,71.71428571428571,71.25,71.1,69.2,70.9,659.0721857142856
Rwanda,1473.653,9.0,1.024,1.254,0.3101,287,124,1136.06,66.0,66.0,66.0,61.0,65.0,64.0,514.5474
Saar,1446.061,1.0,1.273,3.091,0.0909,11,100,1000.0,65.0,65.0,65.0,65.0,65.0,65.0,509.18179999999995
Saint Barthelemy,1444.763,7.0,2.5,2.9,0.4,10,100,1000.0,65.0,65.0,65.0,65.0,65.0,65.0,519.4288999999999
Saint Kitts,1560.719,15.0,2.091,1.091,0.7273,11,100,1000.0,65.0,65.0,65.0,65.0,65.0,65.0,567.1252
Saint Kitts and Nevis,1344.569,7.0,1.696,1.596,0.4,240,141,1076.91,63.666666666666664,60.0,63.666666666666664,66.66666666666667,56.0,60.666666666666664,464.5040333333333
Saint Lucia,1309.747,3.0,1.382,1.896,0.3333,249,173,965.66,65.0,63.0,65.0,73.0,55.666666666666664,60.333333333333336,430.1236
Saint Martin,1301.74,9.0,1.581,2.221,0.3837,86,100,1000.0,65.0,65.0,65.0,65.0,65.0,65.0,478.2775
Saint Pierre and Miquelon,1418.471,0.0,0.333,11.333,0.0,6,100,1000.0,65.0,65.0,65.0,65.0,65.0,65.0,498.5413
Samoa,1347.948,6.0,1.607,3.018,0.3571,56,192,876.41,65.0,65.0,65.0,65.0,65.0,65.0,433.5409
San Marino,1014.898,1.0,0.186,3.942,0.0133,226,210,747.42,54.0,54.0,54.0,65.0,65.0,65.0,310.4689
Sao Tome and Principe,1443.447,3.0,0.5,2.667,0.1667,6,100,1000.0,65.0,65.0,65.0,65.0,65.0,65.0,511.53459999999995
Saudi Arabia,1662.752,1.0,1.538,1.071,0.4754,812,59,1406.56,71.92857142857143,71.5,71.9,75.92307692307692,62.30769230769231,67.92307692307692,605.9423142857141
Scotland,1742.57,6.0,1.716,1.233,0.4746,866,45,1480.24,76.92857142857143,75.16666666666667,77.45454545454545,75.15384615384616,72.53846153846153,76.0,644.2757142857142
Senegal,1845.792,12.0,1.385,0.939,0.4564,688,17,1637.25,78.5,79.16666666666667,78.42857142857143,76.6923076923077,65.84615384615384,74.53846153846153,698.0835999999999
Serbia,1738.717,6.0,1.5,1.074,0.4491,216,32,1514.28,80.0,80.8,78.75,62.416666666666664,73.66666666666667,75.75,651.1515999999999
Serbia and Montenegro,1600.942,4.0,1.194,1.194,0.3056,36,36,724.0,65.0,65.0,65.0,65.0,65.0,65.0,600.2665999999999
Seychelles,1092.679,1.0,0.743,2.241,0.1283,187,201,831.19,65.0,65.0,65.0,65.0,65.0,65.0,343.1282
Sierra Leone,1444.323,8.0,0.948,1.396,0.2853,326,129,1132.06,66.08333333333333,67.11111111111111,63.8,79.33333333333333,55.5,66.33333333333333,501.39306666666664
Singapore,1388.876,12.0,1.337,1.801,0.3123,759,161,1007.83,55.0,55.0,55.0,75.0,50.0,52.0,467.7473
Sint Eustatius,1499.707,5.0,2.333,1.667,0.3333,3,100,1000.0,65.0,65.0,65.0,65.0,65.0,65.0,532.9116
Sint Maarten,1323.008,11.0,1.427,2.587,0.3067,75,100,1000.0,65.0,65.0,65.0,65.0,65.0,65.0,485.5029
Slovakia,1671.458,9.0,1.414,1.258,0.4086,372,41,1486.19,76.21428571428571,74.25,77.1,72.41666666666667,65.91666666666667,70.83333333333333,627.2092571428572
Slovenia,1703.464,5.0,1.241,1.168,0.3639,316,55,1454.25,74.71428571428571,73.2,76.0,67.58333333333333,67.41666666666667,70.58333333333333,623.4405571428571
Solomon Islands,1435.139,1.0,2.153,1.919,0.4234,222,148,1048.75,65.0,65.0,65.0,65.0,65.0,65.0,482.0926999999999
Somalia,1179.203,9.0,0.517,2.463,0.1088,147,202,829.81,68.0,68.0,68.0,76.0,61.0,70.0,376.79290000000003
South Africa,1634.294,5.0,1.366,1.019,0.4412,519,57,1428.87,67.71428571428571,68.125,67.16666666666667,72.92857142857143,56.57142857142857,65.28571428571429,601.2490571428572
South Korea,1817.015,9.0,1.818,0.912,0.5467,1050,23,1585.45,76.07142857142857,76.625,75.16666666666667,74.0,69.46153846153847,74.76923076923077,683.7192857142858
South Sudan,1293.888,4.0,0.679,1.79,0.1605,81,170,973.55,53.0,55.0,51.0,76.0,41.0,54.0,423.1739
South Vietnam,1406.565,0.0,1.926,1.681,0.3981,216,100,1000.0,65.0,65.0,65.0,65.0,65.0,65.0,500.941
South Yemen,1386.727,4.0,0.975,2.975,0.225,40,100,1000.0,65.0,65.0,65.0,65.0,65.0,65.0,496.3931
Southern Rhodesia,1487.556,6.0,1.462,2.0,0.3846,13,100,1000.0,65.0,65.0,65.0,65.0,65.0,65.0,531.0358
Soviet Union,1773.479,9.0,1.841,0.88,0.5575,409,100,1000.0,65.0,65.0,65.0,65.0,65.0,65.0,622.4061999999999
Spain,2042.264,11.0,2.04,0.894,0.591,780,3,1853.27,84.64285714285714,83.8,85.14285714285714,70.61538461538461,81.84615384615384,82.46153846153847,767.6727714285714
Sri Lanka,1128.259,7.0,0.929,2.278,0.2063,252,200,832.8,63.0,63.0,63.0,57.0,50.0,50.0,361.1722
St Vincent & Grenadines,1386.991,9.0,1.574,1.793,0.3641,357,100,1000.0,65.0,65.0,65.0,65.0,65.0,65.0,503.55879999999996
Sudan,1458.32,3.0,1.146,1.317,0.3395,542,113,1165.41,60.75,60.75,60.75,80.5,51.75,62.0,509.9384999999999
Suriname,1548.308,5.0,1.804,1.362,0.434,530,138,1096.6,69.5,71.8,68.7,77.0,61.166666666666664,66.91666666666667,527.1024
Swaziland,1408.742,2.0,0.846,1.737,0.2105,228,141,1078.0,65.0,65.0,65.0,65.0,65.0,65.0,476.1801
Sweden,1723.599,7.0,1.99,1.321,0.4915,1121,27,1540.2,77.07142857142857,77.625,76.0,72.3076923076923,72.23076923076923,76.23076923076923,650.6664857142856
Switzerland,1829.529,8.0,1.495,1.657,0.3564,895,20,1625.16,79.78571428571429,77.0,80.25,71.7,71.3,72.2,686.1618428571429
Syria,1562.623,8.0,1.443,1.273,0.3733,576,95,1249.47,63.0,65.0,62.0,71.5,56.0,61.5,557.9864000000001
São Tome and Principe,1478.935,3.0,0.75,3.0,0.25,4,100,1000.0,65.0,65.0,65.0,65.0,65.0,65.0,523.4304999999999
São Tomé and Príncipe,1242.003,3.0,0.727,2.636,0.1299,77,189,878.09,65.0,65.0,65.0,65.0,65.0,65.0,397.1494
Tahiti,1532.776,9.0,2.74,1.472,0.5319,235,153,1031.47,65.0,65.0,65.0,65.0,65.0,65.0,518.0113
Taiwan,1177.152,0.0,1.371,2.335,0.2819,337,100,1000.0,65.0,65.0,65.0,65.0,65.0,65.0,430.3741
Tajikistan,1450.647,11.0,1.42,1.453,0.3726,212,104,1203.08,61.0,61.0,61.0,69.0,55.0,54.0,521.5831000000001
Tanganyika,1434.217,4.0,1.741,2.593,0.3519,54,100,1000.0,65.0,65.0,65.0,65.0,65.0,65.0,512.5436
Tanzania,1431.561,5.0,1.07,1.351,0.2825,570,106,1199.33,66.0,66.0,66.0,77.5,55.0,64.0,508.3058
Thailand,1564.018,15.0,1.6,1.495,0.3925,930,97,1228.24,62.0,62.0,62.0,73.0,47.0,59.0,564.2929
Tibet,1433.145,1.0,0.833,3.167,0.0,6,100,1000.0,65.0,65.0,65.0,65.0,65.0,65.0,503.9435
Togo,1471.978,8.0,1.06,1.374,0.3077,481,119,1152.18,68.38461538461539,69.28571428571429,67.5,74.15384615384616,56.30769230769231,64.3076923076923,516.4858230769231
Tonga,1224.678,6.0,1.171,3.786,0.2286,70,199,835.64,65.0,65.0,65.0,65.0,65.0,65.0,390.43240000000003
Trinidad and Tobago,1535.86,4.0,1.667,1.278,0.4319,866,102,1214.81,63.2,71.5,62.0,74.0,60.25,64.0,542.6765
Tunisia,1696.671,6.0,1.427,1.071,0.4271,761,52,1464.42,72.28571428571429,71.5,72.0909090909091,71.76923076923077,65.53846153846153,69.92307692307692,624.664942857143
Turkey,1838.952,13.0,1.42,1.438,0.3985,665,28,1537.24,78.35714285714286,78.66666666666667,77.88888888888889,73.58333333333333,70.75,75.33333333333333,689.5345285714286
Turkmenistan,1391.405,6.0,1.522,1.511,0.3696,184,143,1065.42,63.0,63.0,63.0,76.0,56.0,69.0,475.7655
Turks and Caicos Islands,1182.116,7.0,0.964,3.464,0.2321,56,206,803.98,65.0,65.0,65.0,65.0,65.0,65.0,374.51629999999994
Tuvalu,1376.808,6.0,1.382,5.353,0.2647,34,100,1000.0,65.0,65.0,65.0,65.0,65.0,65.0,496.0129
US Virgin Islands,1114.758,7.0,0.679,3.704,0.1235,81,208,779.71,65.0,65.0,65.0,65.0,65.0,65.0,351.4799
Ubangi-Shari,1509.326,3.0,5.0,1.0,1.0,1,100,1000.0,65.0,65.0,65.0,65.0,65.0,65.0,543.7978
Uganda,1517.409,4.0,1.504,1.196,0.4188,714,88,1270.42,61.0,58.0,61.0,72.5,52.5,57.5,544.9047000000002
Ukraine,1764.815,9.0,1.398,1.051,0.4521,334,25,1554.94,76.85714285714286,76.625,76.625,75.0,72.83333333333333,74.58333333333333,665.5974285714286
United Arab Emirates,1640.008,6.0,1.4,1.233,0.3957,657,63,1385.57,64.0,61.0,64.58333333333333,67.63636363636364,54.09090909090909,57.63636363636363,598.9379
United Arab Republic,1578.308,13.0,2.296,1.556,0.4815,27,100,1000.0,65.0,65.0,65.0,65.0,65.0,65.0,566.7149
United States,1818.349,9.0,1.516,1.304,0.4453,822,16,1645.48,76.64285714285714,76.85714285714286,76.375,75.46153846153847,67.46153846153847,73.84615384615384,686.9127714285713
Upper Volta,1410.036,6.0,1.458,2.208,0.2639,72,100,1000.0,65.0,65.0,65.0,65.0,65.0,65.0,505.96930000000003
Uruguay,1860.368,6.0,1.58,1.218,0.4397,1012,11,1695.91,81.28571428571429,81.0,81.1,75.38461538461539,70.76923076923077,73.92307692307692,700.3630428571428
Uzbekistan,1789.975,9.0,1.741,1.094,0.4904,363,58,1424.93,66.6,67.0,65.25,68.8,57.2,60.8,651.8685
Vanuatu,1472.916,8.0,1.808,1.956,0.3352,182,163,996.21,68.0,68.0,68.0,83.0,54.0,54.0,490.7028
Venezuela,1744.545,7.0,1.082,1.822,0.2657,478,47,1475.71,72.78571428571429,72.71428571428571,72.5,70.84615384615384,64.15384615384616,71.46153846153847,640.7061428571429
Vietnam,1551.605,15.0,1.629,1.341,0.4338,302,116,1161.11,66.0,66.0,66.0,86.0,60.0,67.0,550.5885
Wales,1715.395,8.0,1.251,1.6,0.322,733,29,1534.39,74.35714285714286,75.0,74.11111111111111,68.5,66.75,70.91666666666667,644.9199285714286
Wallis and Futuna,1359.694,3.0,0.958,4.542,0.2083,24,100,1000.0,65.0,65.0,65.0,65.0,65.0,65.0,487.0327
West Germany,1864.101,11.0,2.074,1.016,0.5942,377,100,1000.0,65.0,65.0,65.0,65.0,65.0,65.0,652.1433000000001
Western Samoa,1378.661,7.0,0.905,5.238,0.1429,21,100,1000.0,65.0,65.0,65.0,65.0,65.0,65.0,495.7418
Yemen,1332.306,11.0,1.037,1.763,0.2245,245,158,1017.84,65.0,65.0,65.0,65.0,65.0,65.0,452.2593
Yugoslavia,1718.198,7.0,2.046,1.483,0.4828,611,16,689.0,65.0,65.0,65.0,65.0,65.0,65.0,653.1013999999999
Zaire,1556.062,6.0,1.531,1.194,0.4,175,59,499.0,65.0,65.0,65.0,65.0,65.0,65.0,576.4186
Zambia,1484.79,2.0,1.553,1.059,0.4448,825,87,1279.24,67.625,70.16666666666667,62.333333333333336,84.75,53.875,67.125,535.434
Zanzibar,1428.493,3.0,0.828,2.127,0.1814,204,100,1000.0,65.0,65.0,65.0,65.0,65.0,65.0,507.2689
Zimbabwe,1464.407,7.0,1.313,1.121,0.3859,495,121,1151.06,67.3076923076923,67.22222222222223,69.33333333333333,70.84615384615384,56.15384615384615,63.23076923076923,512.9721384615384
